policy_type,policy_count,total_premium,total_claims,avg_profit_per_policy,total_profit,loss_ratio_by_type
Health,11745,2.791752E8,5.925026544999997E7,18724.983784589196,2.199249345500001E8,21.223326946662873
Travel,3535,1.6036275E7,4214078.830000001,3344.3270636492234,1.1822196170000006E7,26.278414594411736
Auto,22294,6.20115E7,6.2876457919999965E7,-38.79778953978642,-864957.9199999985,101.39483470001527
Business,3371,3233205.3300000043,1.0105130149999999E7,-2038.5419222782548,-6871924.819999997,312.54217157930964
Home,18891,2.513602779000008E7,1.2958287190000029E8,-5528.920867608937,-1.0444684411000043E8,515.5264506492649
Life,15164,3.605709592000005E7,9.863920047500012E8,-62670.463520838784,-9.503349088299993E8,2735.6390734808792
