recommendation,investment_required,expected_return,roi_multiple
Retention Investment,1.762332653812226E8,6.528192122690792E9,37.0429050870118
Pricing Optimization,-2.977092996261833E7,-1.4885464981309164E8,5.0
Cross-Selling,4717528.266500006,1.8870113066000026E7,4.0
Fraud Prevention,3221316.081750001,3.2213160817500006E7,10.0
